{
    "0": {
        "x": 583.0017700195312,
        "y": 383.568359375
    },
    "1": {
        "x": 599.9108276367188,
        "y": 414.338623046875
    },
    "2": {
        "x": 603.3314208984375,
        "y": 472.53289794921875
    },
    "3": {
        "x": 596.2327880859375,
        "y": 373.2501525878906
    },
    "4": {
        "x": 422.6404113769531,
        "y": 492.8941650390625
    },
    "5": {
        "x": 505.3718566894531,
        "y": 389.7684020996094
    },
    "6": {
        "x": 544.0,
        "y": 387.0
    },
    "7": {
        "x": 435.0,
        "y": 411.0
    },
    "8": {
        "x": 579.5750732421875,
        "y": 404.651123046875
    },
    "9": {
        "x": 656.3944091796875,
        "y": 512.489990234375
    },
    "10": {
        "x": 414.45458984375,
        "y": 542.9827880859375
    },
    "11": {
        "x": 644.4297485351562,
        "y": 363.4176025390625
    },
    "12": {
        "x": 693.1554565429688,
        "y": 256.9744567871094
    },
    "13": {
        "x": 618.3197631835938,
        "y": 394.8190612792969
    },
    "14": {
        "x": 558.1233520507812,
        "y": 374.606689453125
    },
    "15": {
        "x": 699.6539916992188,
        "y": 337.5854797363281
    },
    "16": {
        "x": 696.9654541015625,
        "y": 314.69158935546875
    },
    "17": {
        "x": 630.7100219726562,
        "y": 382.7601013183594
    },
    "18": {
        "x": 819.3193969726562,
        "y": 418.1391296386719
    },
    "19": {
        "x": 682.2367553710938,
        "y": 378.6080627441406
    },
    "20": {
        "x": 486.0985412597656,
        "y": 429.1239013671875
    },
    "21": {
        "x": 643.1873779296875,
        "y": 402.4347229003906
    },
    "22": {
        "x": 626.889892578125,
        "y": 426.5228271484375
    },
    "23": {
        "x": 675.341064453125,
        "y": 411.841064453125
    },
    "24": {
        "x": 329.3301696777344,
        "y": 522.3920288085938
    },
    "25": {
        "x": 432.8605041503906,
        "y": 429.1278076171875
    },
    "26": {
        "x": 782.5343017578125,
        "y": 440.4328308105469
    },
    "27": {
        "x": 564.2025146484375,
        "y": 397.83721923828125
    },
    "28": {
        "x": 390.6188659667969,
        "y": 428.2818908691406
    },
    "29": {
        "x": 515.0720825195312,
        "y": 398.55926513671875
    },
    "30": {
        "x": 830.4058837890625,
        "y": 508.7530822753906
    },
    "31": {
        "x": 874.5464477539062,
        "y": 463.8698425292969
    },
    "32": {
        "x": 501.97601318359375,
        "y": 468.78826904296875
    },
    "33": {
        "x": 406.26190185546875,
        "y": 405.9194030761719
    },
    "34": {
        "x": 729.5706176757812,
        "y": 470.6544189453125
    },
    "35": {
        "x": 401.4020080566406,
        "y": 413.7246398925781
    },
    "36": {
        "x": 903.5226440429688,
        "y": 364.9345703125
    },
    "37": {
        "x": 689.0816650390625,
        "y": 201.7959747314453
    },
    "38": {
        "x": 139.5161895751953,
        "y": 640.1298217773438
    },
    "39": {
        "x": 758.6429443359375,
        "y": 407.1349792480469
    },
    "40": {
        "x": 869.6113891601562,
        "y": 387.4901123046875
    },
    "41": {
        "x": 651.380859375,
        "y": 386.4984436035156
    },
    "42": {
        "x": 549.3434448242188,
        "y": 564.69580078125
    },
    "43": {
        "x": 354.133544921875,
        "y": 482.9858093261719
    },
    "44": {
        "x": 975.0234375,
        "y": 354.79534912109375
    },
    "45": {
        "x": 103.80615997314453,
        "y": 591.0289916992188
    },
    "46": {
        "x": 1228.5008544921875,
        "y": 16.134836196899414
    },
    "47": {
        "x": 852.3818969726562,
        "y": 365.6370849609375
    },
    "48": {
        "x": 613.665771484375,
        "y": 367.9613952636719
    },
    "49": {
        "x": 904.1989135742188,
        "y": 434.0008239746094
    },
    "50": {
        "x": 967.57275390625,
        "y": 363.7328186035156
    },
    "51": {
        "x": 33.565914154052734,
        "y": 601.591552734375
    },
    "52": {
        "x": 570.830078125,
        "y": 446.5131530761719
    },
    "53": {
        "x": 848.5499877929688,
        "y": 400.8610534667969
    },
    "54": {
        "x": 478.11944580078125,
        "y": 408.3749084472656
    },
    "55": {
        "x": 704.7916870117188,
        "y": 372.43548583984375
    },
    "56": {
        "x": 1104.012939453125,
        "y": 361.3663635253906
    },
    "57": {
        "x": 719.70263671875,
        "y": 424.6202392578125
    },
    "58": {
        "x": 1243.90869140625,
        "y": 389.4310607910156
    },
    "59": {
        "x": 403.7378234863281,
        "y": 635.9208374023438
    },
    "60": {
        "x": 799.0,
        "y": 369.0
    },
    "61": {
        "x": 518.7731323242188,
        "y": 503.8489990234375
    },
    "62": {
        "x": 426.5281677246094,
        "y": 463.54052734375
    },
    "63": {
        "x": 668.5953979492188,
        "y": 445.66363525390625
    },
    "64": {
        "x": 816.29833984375,
        "y": 177.55299377441406
    },
    "65": {
        "x": 1264.6912841796875,
        "y": 492.9581604003906
    },
    "66": {
        "x": 376.0,
        "y": 408.0
    },
    "67": {
        "x": 358.1976318359375,
        "y": 423.4703063964844
    },
    "68": {
        "x": 790.751220703125,
        "y": 393.6335144042969
    },
    "69": {
        "x": 747.4541015625,
        "y": 386.4917907714844
    },
    "70": {
        "x": 549.8660888671875,
        "y": 428.9345703125
    },
    "71": {
        "x": 369.62921142578125,
        "y": 458.53985595703125
    },
    "72": {
        "x": 1036.1402587890625,
        "y": 357.39727783203125
    },
    "73": {
        "x": 265.77984619140625,
        "y": 442.93896484375
    },
    "74": {
        "x": 755.8681030273438,
        "y": 579.7134399414062
    },
    "75": {
        "x": 72.98670196533203,
        "y": 535.2166748046875
    },
    "76": {
        "x": 732.0,
        "y": 375.0
    },
    "77": {
        "x": 580.9390869140625,
        "y": 371.307861328125
    },
    "78": {
        "x": 683.0,
        "y": 362.0
    },
    "79": {
        "x": 1244.32470703125,
        "y": 451.93133544921875
    },
    "80": {
        "x": 2.205223798751831,
        "y": 505.903076171875
    },
    "81": {
        "x": 1259.9249267578125,
        "y": 39.70284652709961
    },
    "82": {
        "x": 1169.4754638671875,
        "y": 364.75115966796875
    },
    "83": {
        "x": 343.44219970703125,
        "y": 437.5248107910156
    },
    "84": {
        "x": 87.92097473144531,
        "y": 553.995361328125
    },
    "85": {
        "x": 1243.369140625,
        "y": 20.62438201904297
    },
    "86": {
        "x": 764.8096923828125,
        "y": 364.64129638671875
    },
    "87": {
        "x": 177.24496459960938,
        "y": 474.9085998535156
    },
    "88": {
        "x": 924.6334838867188,
        "y": 352.58978271484375
    },
    "89": {
        "x": 1157.1234130859375,
        "y": 440.44696044921875
    },
    "90": {
        "x": 272.76751708984375,
        "y": 504.8877258300781
    },
    "91": {
        "x": 709.0,
        "y": 399.0
    },
    "92": {
        "x": 661.77783203125,
        "y": 374.5484924316406
    },
    "93": {
        "x": 925.3028564453125,
        "y": 409.96563720703125
    },
    "94": {
        "x": 883.2657470703125,
        "y": 351.4959411621094
    },
    "95": {
        "x": 661.3800659179688,
        "y": 359.2817077636719
    },
    "96": {
        "x": 1231.4864501953125,
        "y": 377.6217346191406
    },
    "97": {
        "x": 267.6788024902344,
        "y": 466.9001770019531
    },
    "98": {
        "x": 774.8015747070312,
        "y": 353.1380310058594
    },
    "99": {
        "x": 26.431486129760742,
        "y": 571.4219360351562
    },